id,bloco,aluguel,valor_m2,area,quartos,suites,vagas,link,data_descoberta
898712,SQN 209 Bloco G,,,,,,,https://www.dfimoveis.com.br/imovel/apartamento-3-quartos-venda-asa-norte-brasilia-df-sqn-209-bloco-g-898712,seed:links.txt
863665,SQN 209 Bloco G,,,,,,,https://www.dfimoveis.com.br/imovel/apartamento-3-quartos-venda-asa-norte-brasilia-df-sqn-209-bloco-g-863665,seed:links.txt
631205,SQN 209 Bloco G,,,,,,,https://www.dfimoveis.com.br/imovel/apartamento-3-quartos-venda-asa-norte-brasilia-df-sqn-209-bloco-g-631205,seed:links.txt
849690,SQN 310,,,,,,,https://www.dfimoveis.com.br/imovel/apartamento-4-quartos-venda-asa-norte-brasilia-df-sqn-310-849690,seed:links.txt
915425,SQN 315 Bloco K,,,,,,,https://www.dfimoveis.com.br/imovel/apartamento-3-quartos-venda-asa-norte-brasilia-df-sqn-315-bloco-k-915425,seed:links.txt
754350,SQN 202 Bloco D,,,,,,,https://www.dfimoveis.com.br/imovel/apartamento-4-quartos-venda-asa-norte-brasilia-df-sqn-202-bloco-d-754350,seed:links.txt
834839,SQS 202,,,,,,,https://www.dfimoveis.com.br/imovel/apartamento-3-quartos-venda-asa-sul-brasilia-df-sqs-202-834839,seed:links.txt
909502,SQS 109 Bloco E,,,,,,,https://www.dfimoveis.com.br/imovel/apartamento-3-quartos-venda-asa-sul-brasilia-df-sqs-109-bloco-e-909502,seed:links.txt
897723,SQS 215,,,,,,,https://www.dfimoveis.com.br/imovel/apartamento-3-quartos-venda-asa-sul-brasilia-df-sqs-215-897723,seed:links.txt
849915,SQS 109,,,,,,,https://www.dfimoveis.com.br/imovel/apartamento-3-quartos-venda-asa-sul-brasilia-df-sqs-109-849915,seed:links.txt
851810,SQS 105 Bloco B,,,,,,,https://www.dfimoveis.com.br/imovel/apartamento-3-quartos-venda-asa-sul-brasilia-df-sqs-105-bloco-b-851810,seed:links.txt
801550,SQS 202,,,,,,,https://www.dfimoveis.com.br/imovel/apartamento-3-quartos-venda-asa-sul-brasilia-df-sqs-202-801550,seed:links.txt
786685,SQN 209 Bloco D,,,,,,,https://www.dfimoveis.com.br/imovel/apartamento-3-quartos-venda-asa-norte-brasilia-df-sqn-209-bloco-d-786685,seed:links.txt
875959,SQN 111,,,,,,,https://www.dfimoveis.com.br/imovel/apartamento-3-quartos-venda-asa-norte-brasilia-df-sqn-111-875959,seed:links.txt
788244,SQS 109,,,,,,,https://www.dfimoveis.com.br/imovel/apartamento-3-quartos-venda-asa-sul-brasilia-df-sqs-109-788244,seed:links.txt
822259,SQN 209 Bloco D,,,,,,,https://www.dfimoveis.com.br/imovel/apartamento-3-quartos-venda-asa-norte-brasilia-df-sqn-209-bloco-d-822259,seed:links.txt
697515,SQN 205 Bloco J,,,,,,,https://www.dfimoveis.com.br/imovel/apartamento-3-quartos-venda-asa-norte-brasilia-df-sqn-205-bloco-j-697515,seed:links.txt
877183,SQS 202,,,,,,,https://www.dfimoveis.com.br/imovel/apartamento-3-quartos-venda-asa-sul-brasilia-df-sqs-202-877183,seed:links.txt
901384,SQS 109 Bloco B,,,,,,,https://www.dfimoveis.com.br/imovel/apartamento-3-quartos-venda-asa-sul-brasilia-df-sqs-109-bloco-b-901384,seed:links.txt
629792,SQNW 110,,,,,,,https://www.dfimoveis.com.br/imovel/apartamento-3-quartos-venda-noroeste-brasilia-df-sqnw-110-629792,seed:links.txt
783982,SQS 109 Bloco E,,,,,,,https://www.dfimoveis.com.br/imovel/apartamento-3-quartos-venda-asa-sul-brasilia-df-sqs-109-bloco-e-783982,seed:links.txt
586857,SQS 109,,,,,,,https://www.dfimoveis.com.br/imovel/apartamento-3-quartos-venda-asa-sul-brasilia-df-sqs-109-586857,seed:links.txt
675112,SQN 112 Bloco A,,,,,,,https://www.dfimoveis.com.br/imovel/apartamento-3-quartos-venda-asa-norte-brasilia-df-sqn-112-bloco-a-675112,seed:links.txt
914655,SQS 115,,,,,,,https://www.dfimoveis.com.br/imovel/apartamento-3-quartos-venda-asa-sul-brasilia-df-sqs-115-914655,seed:links.txt
845959,SQS 109,,,,,,,https://www.dfimoveis.com.br/imovel/apartamento-3-quartos-venda-asa-sul-brasilia-df-sqs-109-845959,seed:links.txt
690680,SQS 115 Bloco B,,,,,,,https://www.dfimoveis.com.br/imovel/apartamento-3-quartos-venda-asa-sul-brasilia-df-sqs-115-bloco-b-690680,seed:links.txt
813753,SQS 303 Bloco D,,,,,,,https://www.dfimoveis.com.br/imovel/apartamento-3-quartos-venda-asa-sul-brasilia-df-sqs-303-bloco-d-813753,seed:links.txt
878360,SQS 303 Bloco K,,,,,,,https://www.dfimoveis.com.br/imovel/apartamento-3-quartos-venda-asa-sul-brasilia-df-sqs-303-bloco-k-878360,seed:links.txt
846210,SQS 303,,,,,,,https://www.dfimoveis.com.br/imovel/apartamento-3-quartos-venda-asa-sul-brasilia-df-sqs-303-846210,seed:links.txt
864509,SQN 202 Bloco I,,,,,,,https://www.dfimoveis.com.br/imovel/apartamento-4-quartos-venda-asa-norte-brasilia-df-sqn-202-bloco-i-864509,seed:links.txt
757289,SQN 310 Bloco B,,,,,,,https://www.dfimoveis.com.br/imovel/apartamento-4-quartos-venda-asa-norte-brasilia-df-sqn-310-bloco-b-757289,seed:links.txt
850773,SQS 105 Bloco B,,,,,,,https://www.dfimoveis.com.br/imovel/apartamento-3-quartos-venda-asa-sul-brasilia-df-sqs-105-bloco-b-850773,seed:links.txt
853209,SQN 202 Bloco D,,,,,,,https://www.dfimoveis.com.br/imovel/apartamento-4-quartos-venda-asa-norte-brasilia-df-sqn-202-bloco-d-853209,seed:links.txt
834720,SQS 105,,,,,,,https://www.dfimoveis.com.br/imovel/apartamento-3-quartos-venda-asa-sul-brasilia-df-sqs-105-834720,seed:links.txt
923467,SQS 115,,,,,,,https://www.dfimoveis.com.br/imovel/apartamento-3-quartos-venda-asa-sul-brasilia-df-sqs-115-923467,seed:links.txt
930811,SQS 105,,,,,,,https://www.dfimoveis.com.br/imovel/apartamento-3-quartos-venda-asa-sul-brasilia-df-sqs-105-930811,seed:links.txt
832354,SQN 116 Bloco J,,,,,,,https://www.dfimoveis.com.br/imovel/apartamento-3-quartos-venda-asa-norte-brasilia-df-sqn-116-bloco-j-832354,seed:links.txt
936582,SQN 315,,,,,,,https://www.dfimoveis.com.br/imovel/apartamento-3-quartos-venda-asa-norte-brasilia-df-sqn-315-936582,seed:links.txt
931279,SQS 210 Bloco E,,,,,,,https://www.dfimoveis.com.br/imovel/apartamento-4-quartos-venda-asa-sul-brasilia-df-sqs-210-bloco-e-931279,seed:links.txt
945084,SQS 109,,,,,,,https://www.dfimoveis.com.br/imovel/apartamento-3-quartos-venda-asa-sul-brasilia-df-sqs-109-945084,seed:links.txt
945295,SQNW 109,,,,,,,https://www.dfimoveis.com.br/imovel/apartamento-3-quartos-venda-noroeste-brasilia-df-sqnw-109-945295,seed:links.txt
950699,SQS 109 Bloco E,,,,,,,https://www.dfimoveis.com.br/imovel/apartamento-3-quartos-venda-asa-sul-brasilia-df-sqs-109-bloco-e-950699,seed:links.txt
948049,SQN 106 Bloco G,,,,,,,https://www.dfimoveis.com.br/imovel/apartamento-3-quartos-venda-asa-norte-brasilia-df-sqn-106-bloco-g-948049,seed:links.txt
956345,SQS 115 Bloco B,,,,,,,https://www.dfimoveis.com.br/imovel/apartamento-3-quartos-venda-asa-sul-brasilia-df-sqs-115-bloco-b-956345,seed:links.txt
956858,SQS 109 Bloco E,,,,,,,https://www.dfimoveis.com.br/imovel/apartamento-3-quartos-venda-asa-sul-brasilia-df-sqs-109-bloco-e-956858,seed:links.txt
957956,SQS 115,,,,,,,https://www.dfimoveis.com.br/imovel/apartamento-3-quartos-venda-asa-sul-brasilia-df-sqs-115-957956,seed:links.txt
914883,SQN 112 Bloco F,,,,,,,https://www.dfimoveis.com.br/imovel/apartamento-3-quartos-venda-asa-norte-brasilia-df-sqn-112-bloco-f-914883,seed:links.txt
963874,SQS 109 Bloco E,,,,,,,https://www.dfimoveis.com.br/imovel/apartamento-3-quartos-venda-asa-sul-brasilia-df-sqs-109-bloco-e-963874,seed:links.txt
966305,SQN 315,,,,,,,https://www.dfimoveis.com.br/imovel/apartamento-3-quartos-venda-asa-norte-brasilia-df-sqn-315-966305,seed:links.txt
967262,SQN 315,,,,,,,https://www.dfimoveis.com.br/imovel/apartamento-3-quartos-venda-asa-norte-brasilia-df-sqn-315-967262,seed:links.txt
967962,CLN 302 Bloco D,,,,,,,https://www.dfimoveis.com.br/imovel/apartamento-4-quartos-venda-asa-norte-brasilia-df-cln-302-bloco-d-967962,seed:links.txt
971458,SQS 105 Bloco B,,,,,,,https://www.dfimoveis.com.br/imovel/apartamento-3-quartos-venda-asa-sul-brasilia-df-sqs-105-bloco-b-971458,seed:links.txt
977345,SQN 315,,,,,,,https://www.dfimoveis.com.br/imovel/apartamento-3-quartos-venda-asa-norte-brasilia-df-sqn-315-977345,seed:links.txt
900658,SQN 111 Bloco I,,,,,,,https://www.dfimoveis.com.br/imovel/apartamento-3-quartos-venda-asa-norte-brasilia-df-sqn-111-bloco-i-900658,seed:links.txt
976861,SQS 303 Bloco B,,,,,,,https://www.dfimoveis.com.br/imovel/apartamento-4-quartos-venda-asa-sul-brasilia-df-sqs-303-bloco-b-976861,seed:links.txt
989381,SQN 304,,,,,,,https://www.dfimoveis.com.br/imovel/apartamento-3-quartos-venda-asa-norte-brasilia-df-sqn-304-989381,seed:links.txt
704454,SQS 303,,,,,,,https://www.dfimoveis.com.br/imovel/apartamento-3-quartos-venda-asa-sul-brasilia-df-sqs-303-704454,seed:links.txt
972106,SQS 307,,,,,,,https://www.dfimoveis.com.br/imovel/apartamento-3-quartos-venda-asa-sul-brasilia-df-sqs-307-972106,seed:links.txt
1003067,SQN 402 Bloco I,,,,,,,https://www.dfimoveis.com.br/imovel/apartamento-3-quartos-venda-asa-norte-brasilia-df-sqn-402-bloco-i-1003067,seed:links.txt
1006275,SQSW 500,,,,,,,https://www.dfimoveis.com.br/imovel/apartamento-4-quartos-venda-sudoeste-brasilia-df-sqsw-500-1006275,seed:links.txt
1010941,SQSW 500,,,,,,,https://www.dfimoveis.com.br/imovel/apartamento-4-quartos-venda-sudoeste-brasilia-df-sqsw-500-1010941,seed:links.txt
976687,SQS 109 Bloco C,,,,,,,https://www.dfimoveis.com.br/imovel/apartamento-4-quartos-venda-asa-sul-brasilia-df-sqs-109-bloco-c-976687,seed:links.txt
1012433,SQS 303,,,,,,,https://www.dfimoveis.com.br/imovel/apartamento-3-quartos-venda-asa-sul-brasilia-df-sqs-303-1012433,seed:links.txt
1009661,SQS 109,,,,,,,https://www.dfimoveis.com.br/imovel/apartamento-3-quartos-venda-asa-sul-brasilia-df-sqs-109-1009661,seed:links.txt
1018041,SQS 303 Bloco A,,,,,,,https://www.dfimoveis.com.br/imovel/apartamento-3-quartos-venda-asa-sul-brasilia-df-sqs-303-bloco-a-1018041,seed:links.txt
1017688,SQN 310 Bloco G,,,,,,,https://www.dfimoveis.com.br/imovel/apartamento-4-quartos-venda-asa-norte-brasilia-df-sqn-310-bloco-g-1017688,seed:links.txt
1026133,SQN 310,,,,,,,https://www.dfimoveis.com.br/imovel/apartamento-3-quartos-venda-asa-norte-brasilia-df-sqn-310-1026133,seed:links.txt
1026669,SQS 303 Bloco B,,,,,,,https://www.dfimoveis.com.br/imovel/apartamento-4-quartos-venda-asa-sul-brasilia-df-sqs-303-bloco-b-1026669,seed:links.txt
1027593,SQS 303 Bloco B,,,,,,,https://www.dfimoveis.com.br/imovel/apartamento-4-quartos-venda-asa-sul-brasilia-df-sqs-303-bloco-b-1027593,seed:links.txt
1029437,SQS 303 Bloco B,,,,,,,https://www.dfimoveis.com.br/imovel/apartamento-4-quartos-venda-asa-sul-brasilia-df-sqs-303-bloco-b-1029437,seed:links.txt
1010793,SQS 308 Bloco G,,,,,,,https://www.dfimoveis.com.br/imovel/apartamento-4-quartos-aluguel-asa-sul-brasilia-df-sqs-308-bloco-g-1010793,seed:links.txt
1024716,SQS 206 Bloco D,,,,,,,https://www.dfimoveis.com.br/imovel/apartamento-3-quartos-aluguel-asa-sul-brasilia-df-sqs-206-bloco-d-1024716,seed:links.txt
993656,SHIGS 713,,,,,,,https://www.dfimoveis.com.br/imovel/casa-3-quartos-aluguel-asa-sul-brasilia-df-shigs-713-993656,seed:links.txt
967820,SQS 203 Bloco H,,,,,,,https://www.dfimoveis.com.br/imovel/apartamento-3-quartos-aluguel-asa-sul-brasilia-df-sqs-203-bloco-h-967820,seed:links.txt
1026332,SQS 210 Bloco E,,,,,,,https://www.dfimoveis.com.br/imovel/apartamento-4-quartos-aluguel-asa-sul-brasilia-df-sqs-210-bloco-e-1026332,seed:links.txt
392656,SQS 302 Bloco J,,,,,,,https://www.dfimoveis.com.br/imovel/apartamento-3-quartos-aluguel-asa-sul-brasilia-df-sqs-302-bloco-j-392656,seed:links.txt
1016294,SQS 103,,,,,,,https://www.dfimoveis.com.br/imovel/apartamento-3-quartos-aluguel-asa-sul-brasilia-df-sqs-103-1016294,seed:links.txt
1025727,SQS 103,,,,,,,https://www.dfimoveis.com.br/imovel/apartamento-3-quartos-aluguel-asa-sul-brasilia-df-sqs-103-1025727,seed:links.txt
83279,SHIGS 705 Bloco C,,,,,,,https://www.dfimoveis.com.br/imovel/casa-3-quartos-aluguel-asa-sul-brasilia-df-shigs-705-bloco-c-83279,seed:links.txt
1008197,SQS 216 Bloco J,,,,,,,https://www.dfimoveis.com.br/imovel/apartamento-3-quartos-aluguel-asa-sul-brasilia-df-sqs-216-bloco-j-1008197,seed:links.txt
287692,SHIGS 713 Bloco J,,,,,,,https://www.dfimoveis.com.br/imovel/casa-3-quartos-aluguel-asa-sul-brasilia-df-shigs-713-bloco-j-287692,seed:links.txt
1017541,SHIGS 710 Bloco Q,,,,,,,https://www.dfimoveis.com.br/imovel/casa-3-quartos-aluguel-asa-sul-brasilia-df-shigs-710-bloco-q-1017541,seed:links.txt
1029489,SQS 206,,,,,,,https://www.dfimoveis.com.br/imovel/apartamento-3-quartos-aluguel-asa-sul-brasilia-df-sqs-206-1029489,seed:links.txt
727057,SQS 308 Bloco G,,,,,,,https://www.dfimoveis.com.br/imovel/apartamento-3-quartos-aluguel-asa-sul-brasilia-df-sqs-308-bloco-g-727057,seed:links.txt
1016687,SQS 309,,,,,,,https://www.dfimoveis.com.br/imovel/apartamento-4-quartos-aluguel-asa-sul-brasilia-df-sqs-309-1016687,seed:links.txt
484011,SQS 206 Bloco H,,,,,,,https://www.dfimoveis.com.br/imovel/apartamento-3-quartos-aluguel-asa-sul-brasilia-df-sqs-206-bloco-h-484011,seed:links.txt
1008580,SQS 314 Bloco F,,,,,,,https://www.dfimoveis.com.br/imovel/apartamento-3-quartos-aluguel-asa-sul-brasilia-df-sqs-314-bloco-f-1008580,seed:links.txt
771683,SQS 109 Bloco A,,,,,,,https://www.dfimoveis.com.br/imovel/apartamento-3-quartos-aluguel-asa-sul-brasilia-df-sqs-109-bloco-a-771683,seed:links.txt
718800,SQS 308 Bloco A,,,,,,,https://www.dfimoveis.com.br/imovel/apartamento-3-quartos-aluguel-asa-sul-brasilia-df-sqs-308-bloco-a-718800,seed:links.txt
1009614,SQS 211,,,,,,,https://www.dfimoveis.com.br/imovel/apartamento-3-quartos-aluguel-asa-sul-brasilia-df-sqs-211-1009614,seed:links.txt
1023177,SQS 115 Bloco K,,,,,,,https://www.dfimoveis.com.br/imovel/apartamento-3-quartos-aluguel-asa-sul-brasilia-df-sqs-115-bloco-k-1023177,seed:links.txt
959199,SQS 308 Bloco I,,,,,,,https://www.dfimoveis.com.br/imovel/apartamento-3-quartos-aluguel-asa-sul-brasilia-df-sqs-308-bloco-i-959199,seed:links.txt
1011713,SHIGS 713 Bloco Q,,,,,,,https://www.dfimoveis.com.br/imovel/casa-3-quartos-aluguel-asa-sul-brasilia-df-shigs-713-bloco-q-1011713,seed:links.txt
270614,SQS 102 Bloco F,,,,,,,https://www.dfimoveis.com.br/imovel/apartamento-3-quartos-aluguel-asa-sul-brasilia-df-sqs-102-bloco-f-270614,seed:links.txt
982312,SQS 307 Bloco F,,,,,,,https://www.dfimoveis.com.br/imovel/apartamento-4-quartos-aluguel-asa-sul-brasilia-df-sqs-307-bloco-f-982312,seed:links.txt
1009265,SQS 211,,,,,,,https://www.dfimoveis.com.br/imovel/apartamento-3-quartos-aluguel-asa-sul-brasilia-df-sqs-211-1009265,seed:links.txt
1005264,SQS 315 Bloco C,,,,,,,https://www.dfimoveis.com.br/imovel/apartamento-3-quartos-aluguel-asa-sul-brasilia-df-sqs-315-bloco-c-1005264,seed:links.txt
1018742,SQS 207 Bloco D,,,,,,,https://www.dfimoveis.com.br/imovel/apartamento-3-quartos-aluguel-asa-sul-brasilia-df-sqs-207-bloco-d-1018742,seed:links.txt
473287,SQN 315 Bloco A,,,,,,,https://www.dfimoveis.com.br/imovel/apartamento-3-quartos-aluguel-asa-norte-brasilia-df-sqn-315-bloco-a-473287,seed:links.txt
1016373,SQN 307 Bloco F,,,,,,,https://www.dfimoveis.com.br/imovel/apartamento-3-quartos-aluguel-asa-norte-brasilia-df-sqn-307-bloco-f-1016373,seed:links.txt
1023086,SQN 210 Bloco C,,,,,,,https://www.dfimoveis.com.br/imovel/apartamento-3-quartos-aluguel-asa-norte-brasilia-df-sqn-210-bloco-c-1023086,seed:links.txt
945089,SQN 107,,,,,,,https://www.dfimoveis.com.br/imovel/apartamento-4-quartos-aluguel-asa-norte-brasilia-df-sqn-107-945089,seed:links.txt
1029822,SQN 210 Bloco I,,,,,,,https://www.dfimoveis.com.br/imovel/apartamento-3-quartos-aluguel-asa-norte-brasilia-df-sqn-210-bloco-i-1029822,seed:links.txt
187814,SQN 314 Bloco F,,,,,,,https://www.dfimoveis.com.br/imovel/apartamento-3-quartos-aluguel-asa-norte-brasilia-df-sqn-314-bloco-f-187814,seed:links.txt
1027434,SHCGN 712,,,,,,,https://www.dfimoveis.com.br/imovel/casa-4-quartos-aluguel-asa-norte-brasilia-df-shcgn-712-1027434,seed:links.txt
964759,SQN 209 Bloco K,,,,,,,https://www.dfimoveis.com.br/imovel/apartamento-4-quartos-aluguel-asa-norte-brasilia-df-sqn-209-bloco-k-964759,seed:links.txt
269359,SQN 111 Bloco K,,,,,,,https://www.dfimoveis.com.br/imovel/apartamento-3-quartos-aluguel-asa-norte-brasilia-df-sqn-111-bloco-k-269359,seed:links.txt
192345,SQN 316 Bloco F,,,,,,,https://www.dfimoveis.com.br/imovel/apartamento-3-quartos-aluguel-asa-norte-brasilia-df-sqn-316-bloco-f-192345,seed:links.txt
1000428,SQN 115 Bloco E,,,,,,,https://www.dfimoveis.com.br/imovel/apartamento-3-quartos-aluguel-asa-norte-brasilia-df-sqn-115-bloco-e-1000428,seed:links.txt
718856,SQN 208 Bloco A,,,,,,,https://www.dfimoveis.com.br/imovel/apartamento-4-quartos-aluguel-asa-norte-brasilia-df-sqn-208-bloco-a-718856,seed:links.txt
22665,SQN 106 Bloco G,,,,,,,https://www.dfimoveis.com.br/imovel/apartamento-3-quartos-aluguel-asa-norte-brasilia-df-sqn-106-bloco-g-22665,seed:links.txt
1022974,SQN 116 Bloco I,,,,,,,https://www.dfimoveis.com.br/imovel/apartamento-3-quartos-aluguel-asa-norte-brasilia-df-sqn-116-bloco-i-1022974,seed:links.txt
1018411,SQN 104 Bloco C,,,,,,,https://www.dfimoveis.com.br/imovel/apartamento-3-quartos-aluguel-asa-norte-brasilia-df-sqn-104-bloco-c-1018411,seed:links.txt
951014,SQN 116,,,,,,,https://www.dfimoveis.com.br/imovel/apartamento-3-quartos-aluguel-asa-norte-brasilia-df-sqn-116-951014,seed:links.txt
1018149,SQN 315 Bloco B,,,,,,,https://www.dfimoveis.com.br/imovel/apartamento-3-quartos-aluguel-asa-norte-brasilia-df-sqn-315-bloco-b-1018149,seed:links.txt
1017154,SQN 108 Bloco H,,,,,,,https://www.dfimoveis.com.br/imovel/apartamento-3-quartos-aluguel-asa-norte-brasilia-df-sqn-108-bloco-h-1017154,seed:links.txt
135898,SQSW 303,,,,,,,https://www.dfimoveis.com.br/imovel/apartamento-4-quartos-aluguel-sudoeste-brasilia-df-sqsw-303-135898,seed:links.txt
301083,SQSW 102 Bloco D,,,,,,,https://www.dfimoveis.com.br/imovel/apartamento-4-quartos-aluguel-sudoeste-brasilia-df-sqsw-102-bloco-d-301083,seed:links.txt
240069,SQSW 102 Bloco D,,,,,,,https://www.dfimoveis.com.br/imovel/apartamento-4-quartos-aluguel-sudoeste-brasilia-df-sqsw-102-bloco-d-240069,seed:links.txt
255906,SQSW 305 Bloco A,,,,,,,https://www.dfimoveis.com.br/imovel/apartamento-4-quartos-aluguel-sudoeste-brasilia-df-sqsw-305-bloco-a-255906,seed:links.txt
452137,SQSW 504,,,,,,,https://www.dfimoveis.com.br/imovel/apartamento-4-quartos-aluguel-sudoeste-brasilia-df-sqsw-504-452137,seed:links.txt
997283,CCSW 1,,,,,,,https://www.dfimoveis.com.br/imovel/apartamento-4-quartos-aluguel-sudoeste-brasilia-df-ccsw-1-997283,seed:links.txt
1016153,SQSW 103 Bloco I,,,,,,,https://www.dfimoveis.com.br/imovel/apartamento-4-quartos-aluguel-sudoeste-brasilia-df-sqsw-103-bloco-i-1016153,seed:links.txt
618722,SQS 104 Bloco D,,,,,,,https://www.dfimoveis.com.br/imovel/apartamento-4-quartos-aluguel-asa-sul-brasilia-df-sqs-104-bloco-d-618722,seed:links.txt
714719,SQN 316 Bloco F,,,,,,,https://www.dfimoveis.com.br/imovel/apartamento-3-quartos-aluguel-asa-norte-brasilia-df-sqn-316-bloco-f-714719,seed:links.txt
818307,SQSW 104 Bloco E,,,,,,,https://www.dfimoveis.com.br/imovel/apartamento-4-quartos-aluguel-sudoeste-brasilia-df-sqsw-104-bloco-e-818307,seed:links.txt
1030705,SQN 215 Bloco E,,,,,,,https://www.dfimoveis.com.br/imovel/apartamento-4-quartos-aluguel-asa-norte-brasilia-df-sqn-215-bloco-e-1030705,seed:links.txt
1031318,SQSW 304 Bloco E,,,,,,,https://www.dfimoveis.com.br/imovel/apartamento-4-quartos-aluguel-sudoeste-brasilia-df-sqsw-304-bloco-e-1031318,seed:links.txt
972769,SQS 216 Bloco F,,,,,,,https://www.dfimoveis.com.br/imovel/apartamento-3-quartos-aluguel-asa-sul-brasilia-df-sqs-216-bloco-f-972769,seed:links.txt
516187,SQS 105,,,,,,,https://www.dfimoveis.com.br/imovel/apartamento-3-quartos-aluguel-asa-sul-brasilia-df-sqs-105-516187,seed:links.txt
977948,SQS 308 Bloco C,,,,,,,https://www.dfimoveis.com.br/imovel/apartamento-3-quartos-aluguel-asa-sul-brasilia-df-sqs-308-bloco-c-977948,seed:links.txt
1032759,SQN 310 Bloco I,,,,,,,https://www.dfimoveis.com.br/imovel/apartamento-3-quartos-aluguel-asa-norte-brasilia-df-sqn-310-bloco-i-1032759,seed:links.txt
1032819,SQS 308,,,,,,,https://www.dfimoveis.com.br/imovel/apartamento-3-quartos-aluguel-asa-sul-brasilia-df-sqs-308-1032819,seed:links.txt
1032912,SQN 209,,,,,,,https://www.dfimoveis.com.br/imovel/apartamento-4-quartos-aluguel-asa-norte-brasilia-df-sqn-209-1032912,seed:links.txt
1008812,SQN 203,,,,,,,https://www.dfimoveis.com.br/imovel/apartamento-3-quartos-aluguel-asa-norte-brasilia-df-sqn-203-1008812,seed:links.txt
996660,SHIGS 713,,,,,,,https://www.dfimoveis.com.br/imovel/casa-4-quartos-aluguel-asa-sul-brasilia-df-shigs-713-996660,seed:links.txt
1033429,SQN 116 Bloco D,,,,,,,https://www.dfimoveis.com.br/imovel/apartamento-3-quartos-aluguel-asa-norte-brasilia-df-sqn-116-bloco-d-1033429,seed:links.txt
635440,SQN 112 Bloco K,,,,,,,https://www.dfimoveis.com.br/imovel/apartamento-3-quartos-aluguel-asa-norte-brasilia-df-sqn-112-bloco-k-635440,seed:links.txt
1034055,SQN 304,,,,,,,https://www.dfimoveis.com.br/imovel/apartamento-4-quartos-aluguel-asa-norte-brasilia-df-sqn-304-1034055,seed:links.txt
1016732,SQS 114 Bloco H,,,,,,,https://www.dfimoveis.com.br/imovel/apartamento-3-quartos-aluguel-asa-sul-brasilia-df-sqs-114-bloco-h-1016732,seed:links.txt
1034689,SQN 206 Bloco I,,,,,,,https://www.dfimoveis.com.br/imovel/apartamento-3-quartos-aluguel-asa-norte-brasilia-df-sqn-206-bloco-i-1034689,seed:links.txt
1029358,SHIGS 707,,,,,,,https://www.dfimoveis.com.br/imovel/casa-4-quartos-aluguel-asa-sul-brasilia-df-shigs-707-1029358,seed:links.txt
677007,SQS 213 Bloco J,,,,,,,https://www.dfimoveis.com.br/imovel/apartamento-3-quartos-aluguel-asa-sul-brasilia-df-sqs-213-bloco-j-677007,seed:links.txt
1018437,SHCGN 715,,,,,,,https://www.dfimoveis.com.br/imovel/casa-3-quartos-aluguel-asa-norte-brasilia-df-shcgn-715-1018437,seed:links.txt
1028906,SQN 307 Bloco D,,,,,,,https://www.dfimoveis.com.br/imovel/apartamento-3-quartos-aluguel-asa-norte-brasilia-df-sqn-307-bloco-d-1028906,seed:links.txt
1035818,SQN 205 Bloco B,,,,,,,https://www.dfimoveis.com.br/imovel/apartamento-4-quartos-aluguel-asa-norte-brasilia-df-sqn-205-bloco-b-1035818,seed:links.txt
1025857,SQN 203 Bloco K,,,,,,,https://www.dfimoveis.com.br/imovel/apartamento-3-quartos-aluguel-asa-norte-brasilia-df-sqn-203-bloco-k-1025857,seed:links.txt
1036851,SQS 206 Bloco H,,,,,,,https://www.dfimoveis.com.br/imovel/apartamento-3-quartos-aluguel-asa-sul-brasilia-df-sqs-206-bloco-h-1036851,seed:links.txt
1036790,SQS 308 Bloco G,,,,,,,https://www.dfimoveis.com.br/imovel/apartamento-3-quartos-aluguel-asa-sul-brasilia-df-sqs-308-bloco-g-1036790,seed:links.txt
1036936,SQN 311 Bloco E,,,,,,,https://www.dfimoveis.com.br/imovel/apartamento-3-quartos-aluguel-asa-norte-brasilia-df-sqn-311-bloco-e-1036936,seed:links.txt
10046,SQN 215 Bloco K,,,,,,,https://www.dfimoveis.com.br/imovel/apartamento-4-quartos-aluguel-asa-norte-brasilia-df-sqn-215-bloco-k-10046,seed:links.txt
1037128,SQS 105 Bloco C,,,,,,,https://www.dfimoveis.com.br/imovel/apartamento-3-quartos-aluguel-asa-sul-brasilia-df-sqs-105-bloco-c-1037128,seed:links.txt
1038530,SQS 308 Bloco B,,,,,,,https://www.dfimoveis.com.br/imovel/apartamento-3-quartos-aluguel-asa-sul-brasilia-df-sqs-308-bloco-b-1038530,seed:links.txt
1038559,SQS 204 Bloco J,,,,,,,https://www.dfimoveis.com.br/imovel/apartamento-3-quartos-aluguel-asa-sul-brasilia-df-sqs-204-bloco-j-1038559,seed:links.txt
1002790,SQN 111 Bloco I,,,,,,,https://www.dfimoveis.com.br/imovel/apartamento-3-quartos-aluguel-asa-norte-brasilia-df-sqn-111-bloco-i-1002790,seed:links.txt
66026,SQSW 504 Bloco G,,,,,,,https://www.dfimoveis.com.br/imovel/apartamento-4-quartos-aluguel-sudoeste-brasilia-df-sqsw-504-bloco-g-66026,seed:links.txt
987785,SHIGS 710,,,,,,,https://www.dfimoveis.com.br/imovel/casa-3-quartos-aluguel-asa-sul-brasilia-df-shigs-710-987785,seed:links.txt
204843,SQS 307 Bloco F,,,,,,,https://www.dfimoveis.com.br/imovel/apartamento-4-quartos-aluguel-asa-sul-brasilia-df-sqs-307-bloco-f-204843,seed:links.txt
224843,SQS 314 Bloco F,,,,,,,https://www.dfimoveis.com.br/imovel/apartamento-3-quartos-aluguel-asa-sul-brasilia-df-sqs-314-bloco-f-224843,seed:links.txt
1039622,SQS 204 Bloco E,,,,,,,https://www.dfimoveis.com.br/imovel/apartamento-3-quartos-aluguel-asa-sul-brasilia-df-sqs-204-bloco-e-1039622,seed:links.txt
1034228,SQSW 304 Bloco E,,,,,,,https://www.dfimoveis.com.br/imovel/apartamento-4-quartos-aluguel-sudoeste-brasilia-df-sqsw-304-bloco-e-1034228,seed:links.txt
1042891,SHCGN 707 Bloco K,,,,,,,https://www.dfimoveis.com.br/imovel/casa-4-quartos-aluguel-asa-norte-brasilia-df-shcgn-707-bloco-k-1042891,seed:links.txt
1042936,SQN 310 Bloco I,,,,,,,https://www.dfimoveis.com.br/imovel/apartamento-3-quartos-aluguel-asa-norte-brasilia-df-sqn-310-bloco-i-1042936,seed:links.txt
1043590,SQS 316 Bloco I,,,,,,,https://www.dfimoveis.com.br/imovel/apartamento-3-quartos-aluguel-asa-sul-brasilia-df-sqs-316-bloco-i-1043590,seed:links.txt
518099,SHCGN 703 Bloco F,,,,,,,https://www.dfimoveis.com.br/imovel/casa-3-quartos-aluguel-asa-norte-brasilia-df-shcgn-703-bloco-f-518099,seed:links.txt
1043709,SQN 215 Bloco C,,,,,,,https://www.dfimoveis.com.br/imovel/apartamento-3-quartos-aluguel-asa-norte-brasilia-df-sqn-215-bloco-c-1043709,seed:links.txt
1043706,SQN 310 Bloco I,,,,,,,https://www.dfimoveis.com.br/imovel/apartamento-4-quartos-aluguel-asa-norte-brasilia-df-sqn-310-bloco-i-1043706,seed:links.txt
1044134,SQS 210 Bloco A,,,,,,,https://www.dfimoveis.com.br/imovel/apartamento-4-quartos-aluguel-asa-sul-brasilia-df-sqs-210-bloco-a-1044134,seed:links.txt
1043779,SQN 215 Bloco E,,,,,,,https://www.dfimoveis.com.br/imovel/apartamento-4-quartos-aluguel-asa-norte-brasilia-df-sqn-215-bloco-e-1043779,seed:links.txt
1044158,SQN 115 Bloco E,,,,,,,https://www.dfimoveis.com.br/imovel/apartamento-3-quartos-aluguel-asa-norte-brasilia-df-sqn-115-bloco-e-1044158,seed:links.txt
1044552,SQN 316 Bloco F,,,,,,,https://www.dfimoveis.com.br/imovel/apartamento-3-quartos-aluguel-asa-norte-brasilia-df-sqn-316-bloco-f-1044552,seed:links.txt
1044637,SQS 206,,,,,,,https://www.dfimoveis.com.br/imovel/apartamento-3-quartos-aluguel-asa-sul-brasilia-df-sqs-206-1044637,seed:links.txt
1044786,SHCGN 711 Bloco J,,,,,,,https://www.dfimoveis.com.br/imovel/casa-3-quartos-aluguel-asa-norte-brasilia-df-shcgn-711-bloco-j-1044786,seed:links.txt
1046764,SQN 314,,,,,,,https://www.dfimoveis.com.br/imovel/apartamento-3-quartos-aluguel-asa-norte-brasilia-df-sqn-314-1046764,seed:links.txt
1047313,SQN 310 Bloco D,,,,,,,https://www.dfimoveis.com.br/imovel/apartamento-3-quartos-aluguel-asa-norte-brasilia-df-sqn-310-bloco-d-1047313,seed:links.txt
1042314,SHCGN 703 Bloco M,,,,,,,https://www.dfimoveis.com.br/imovel/casa-3-quartos-aluguel-asa-norte-brasilia-df-shcgn-703-bloco-m-1042314,seed:links.txt
698748,SQN 209 Bloco J,,,,,,,https://www.dfimoveis.com.br/imovel/apartamento-4-quartos-aluguel-asa-norte-brasilia-df-sqn-209-bloco-j-698748,seed:links.txt
76524,SQN 309 Bloco P,,,,,,,https://www.dfimoveis.com.br/imovel/apartamento-3-quartos-aluguel-asa-norte-brasilia-df-sqn-309-bloco-p-76524,seed:links.txt
892547,SQSW 102,,,,,,,https://www.dfimoveis.com.br/imovel/apartamento-4-quartos-aluguel-sudoeste-brasilia-df-sqsw-102-892547,seed:links.txt
383969,SQN 315 Bloco F,,,,,,,https://www.dfimoveis.com.br/imovel/apartamento-3-quartos-aluguel-asa-norte-brasilia-df-sqn-315-bloco-f-383969,seed:links.txt
1050872,SQN 203 Bloco K,,,,,,,https://www.dfimoveis.com.br/imovel/apartamento-3-quartos-aluguel-asa-norte-brasilia-df-sqn-203-bloco-k-1050872,seed:links.txt
1052242,SHCGN 712 Bloco Q,,,,,,,https://www.dfimoveis.com.br/imovel/casa-4-quartos-aluguel-asa-norte-brasilia-df-shcgn-712-bloco-q-1052242,seed:links.txt
1053626,SQS 314 Bloco G,,,,,,,https://www.dfimoveis.com.br/imovel/apartamento-3-quartos-aluguel-asa-sul-brasilia-df-sqs-314-bloco-g-1053626,seed:links.txt
1053555,SQN 104,,,,,,,https://www.dfimoveis.com.br/imovel/apartamento-3-quartos-aluguel-asa-norte-brasilia-df-sqn-104-1053555,seed:links.txt
495840,SHIGS 703 Bloco M,,,,,,,https://www.dfimoveis.com.br/imovel/casa-3-quartos-aluguel-asa-sul-brasilia-df-shigs-703-bloco-m-495840,seed:links.txt
1053856,SQN 308 Bloco J,,,,,,,https://www.dfimoveis.com.br/imovel/apartamento-3-quartos-aluguel-asa-norte-brasilia-df-sqn-308-bloco-j-1053856,seed:links.txt
1056169,SQN 115 Bloco B,,,,,,,https://www.dfimoveis.com.br/imovel/apartamento-3-quartos-aluguel-asa-norte-brasilia-df-sqn-115-bloco-b-1056169,seed:links.txt
1051415,SQN 111 Bloco K,,,,,,,https://www.dfimoveis.com.br/imovel/apartamento-3-quartos-aluguel-asa-norte-brasilia-df-sqn-111-bloco-k-1051415,seed:links.txt
1056350,SQN 310 Bloco I,,,,,,,https://www.dfimoveis.com.br/imovel/apartamento-3-quartos-aluguel-asa-norte-brasilia-df-sqn-310-bloco-i-1056350,seed:links.txt
1056466,SQS 211 Bloco A,,,,,,,https://www.dfimoveis.com.br/imovel/apartamento-3-quartos-aluguel-asa-sul-brasilia-df-sqs-211-bloco-a-1056466,seed:links.txt
1042952,SQS 215,,,,,,,https://www.dfimoveis.com.br/imovel/apartamento-3-quartos-aluguel-asa-sul-brasilia-df-sqs-215-1042952,seed:links.txt
1042857,SHCGN 716,,,,,,,https://www.dfimoveis.com.br/imovel/casa-3-quartos-aluguel-asa-norte-brasilia-df-shcgn-716-1042857,seed:links.txt
1059970,SQN 105 Bloco A,,,,,,,https://www.dfimoveis.com.br/imovel/apartamento-3-quartos-aluguel-asa-norte-brasilia-df-sqn-105-bloco-a-1059970,seed:links.txt
1059463,SQN 310 Bloco B,,,,,,,https://www.dfimoveis.com.br/imovel/apartamento-4-quartos-aluguel-asa-norte-brasilia-df-sqn-310-bloco-b-1059463,seed:links.txt
687953,SQS 114 Bloco H,,,,,,,https://www.dfimoveis.com.br/imovel/apartamento-3-quartos-aluguel-asa-sul-brasilia-df-sqs-114-bloco-h-687953,seed:links.txt
1008752,SHCGN 714,,,,,,,https://www.dfimoveis.com.br/imovel/casa-4-quartos-aluguel-asa-norte-brasilia-df-shcgn-714-1008752,seed:links.txt
1060303,SQN 308 Bloco C,,,,,,,https://www.dfimoveis.com.br/imovel/apartamento-3-quartos-aluguel-asa-norte-brasilia-df-sqn-308-bloco-c-1060303,seed:links.txt
858069,SQS 213 Bloco K,,,,,,,https://www.dfimoveis.com.br/imovel/apartamento-3-quartos-aluguel-asa-sul-brasilia-df-sqs-213-bloco-k-858069,seed:links.txt
1061383,SQN 316,,,,,,,https://www.dfimoveis.com.br/imovel/apartamento-3-quartos-aluguel-asa-norte-brasilia-df-sqn-316-1061383,seed:links.txt
1001336,SQN 110 Bloco G,,,,,,,https://www.dfimoveis.com.br/imovel/apartamento-4-quartos-aluguel-asa-norte-brasilia-df-sqn-110-bloco-g-1001336,seed:links.txt
1062468,SQS 202,,,,,,,https://www.dfimoveis.com.br/imovel/apartamento-3-quartos-aluguel-asa-sul-brasilia-df-sqs-202-1062468,seed:links.txt
1063995,SQS 314 Bloco F,,,,,,,https://www.dfimoveis.com.br/imovel/apartamento-3-quartos-aluguel-asa-sul-brasilia-df-sqs-314-bloco-f-1063995,seed:links.txt
1062914,SQN 308 Bloco J,,,,,,,https://www.dfimoveis.com.br/imovel/apartamento-3-quartos-aluguel-asa-norte-brasilia-df-sqn-308-bloco-j-1062914,seed:links.txt
1064287,SQN 112 Bloco E,,,,,,,https://www.dfimoveis.com.br/imovel/apartamento-3-quartos-aluguel-asa-norte-brasilia-df-sqn-112-bloco-e-1064287,seed:links.txt
1064213,SQN 307,,,,,,,https://www.dfimoveis.com.br/imovel/apartamento-3-quartos-aluguel-asa-norte-brasilia-df-sqn-307-1064213,seed:links.txt
1018989,SQN 106 Bloco E,,,,,,,https://www.dfimoveis.com.br/imovel/apartamento-3-quartos-aluguel-asa-norte-brasilia-df-sqn-106-bloco-e-1018989,seed:links.txt
1064664,SQN 208 Bloco A,,,,,,,https://www.dfimoveis.com.br/imovel/apartamento-4-quartos-aluguel-asa-norte-brasilia-df-sqn-208-bloco-a-1064664,seed:links.txt
328589,SQN 308 Bloco A,,,,,,,https://www.dfimoveis.com.br/imovel/apartamento-3-quartos-aluguel-asa-norte-brasilia-df-sqn-308-bloco-a-328589,seed:links.txt
1065494,SQN 111 Bloco K,,,,,,,https://www.dfimoveis.com.br/imovel/apartamento-3-quartos-aluguel-asa-norte-brasilia-df-sqn-111-bloco-k-1065494,seed:links.txt
1065734,SQS 302,,,,,,,https://www.dfimoveis.com.br/imovel/apartamento-3-quartos-aluguel-asa-sul-brasilia-df-sqs-302-1065734,seed:links.txt
889441,SQN 114,,,,,,,https://www.dfimoveis.com.br/imovel/apartamento-3-quartos-aluguel-asa-norte-brasilia-df-sqn-114-889441,seed:links.txt
1050975,SQS 213,,,,,,,https://www.dfimoveis.com.br/imovel/apartamento-3-quartos-aluguel-asa-sul-brasilia-df-sqs-213-1050975,seed:links.txt
1067223,SQN 108 Bloco F,,,,,,,https://www.dfimoveis.com.br/imovel/apartamento-3-quartos-aluguel-asa-norte-brasilia-df-sqn-108-bloco-f-1067223,seed:links.txt
1068404,SQN 213 Bloco F,,,,,,,https://www.dfimoveis.com.br/imovel/apartamento-3-quartos-aluguel-asa-norte-brasilia-df-sqn-213-bloco-f-1068404,seed:links.txt
1068512,SHIGS 713 Bloco A,,,,,,,https://www.dfimoveis.com.br/imovel/casa-4-quartos-aluguel-asa-sul-brasilia-df-shigs-713-bloco-a-1068512,seed:links.txt
1068523,SHIGS 710,,,,,,,https://www.dfimoveis.com.br/imovel/casa-3-quartos-aluguel-asa-sul-brasilia-df-shigs-710-1068523,seed:links.txt
1068951,SQN 209,,,,,,,https://www.dfimoveis.com.br/imovel/apartamento-4-quartos-aluguel-asa-norte-brasilia-df-sqn-209-1068951,seed:links.txt
831009,SQN 214 Bloco A,,,,,,,https://www.dfimoveis.com.br/imovel/apartamento-3-quartos-aluguel-asa-norte-brasilia-df-sqn-214-bloco-a-831009,seed:links.txt
1070387,SQN 314 Bloco D,,,,,,,https://www.dfimoveis.com.br/imovel/apartamento-4-quartos-aluguel-asa-norte-brasilia-df-sqn-314-bloco-d-1070387,seed:links.txt
1072056,SQS 213 Bloco H,,,,,,,https://www.dfimoveis.com.br/imovel/apartamento-4-quartos-aluguel-asa-sul-brasilia-df-sqs-213-bloco-h-1072056,seed:links.txt
1069830,SQN 104 Bloco A,,,,,,,https://www.dfimoveis.com.br/imovel/apartamento-3-quartos-aluguel-asa-norte-brasilia-df-sqn-104-bloco-a-1069830,seed:links.txt
238858,SQS 114,,,,,,,https://www.dfimoveis.com.br/imovel/apartamento-3-quartos-aluguel-asa-sul-brasilia-df-sqs-114-238858,seed:links.txt
1073156,SQS 115 Bloco J,,,,,,,https://www.dfimoveis.com.br/imovel/apartamento-3-quartos-aluguel-asa-sul-brasilia-df-sqs-115-bloco-j-1073156,seed:links.txt
1073158,SQN 115,,,,,,,https://www.dfimoveis.com.br/imovel/kitnet-4-quartos-aluguel-asa-norte-brasilia-df-sqn-115-1073158,seed:links.txt
1073159,SQN 115 Bloco F,,,,,,,https://www.dfimoveis.com.br/imovel/apartamento-4-quartos-aluguel-asa-norte-brasilia-df-sqn-115-bloco-f-1073159,seed:links.txt
1074772,SHCGN 712 Bloco K,,,,,,,https://www.dfimoveis.com.br/imovel/casa-4-quartos-aluguel-asa-norte-brasilia-df-shcgn-712-bloco-k-1074772,seed:links.txt
1075123,SQS 207,,,,,,,https://www.dfimoveis.com.br/imovel/apartamento-3-quartos-aluguel-asa-sul-brasilia-df-sqs-207-1075123,seed:links.txt
1075196,SQN 310 Bloco M,,,,,,,https://www.dfimoveis.com.br/imovel/apartamento-3-quartos-aluguel-asa-norte-brasilia-df-sqn-310-bloco-m-1075196,seed:links.txt
1076226,SQN 203 Bloco B,,,,,,,https://www.dfimoveis.com.br/imovel/apartamento-3-quartos-aluguel-asa-norte-brasilia-df-sqn-203-bloco-b-1076226,seed:links.txt
1077557,SQS 109 Bloco A,,,,,,,https://www.dfimoveis.com.br/imovel/apartamento-4-quartos-aluguel-asa-sul-brasilia-df-sqs-109-bloco-a-1077557,seed:links.txt
1077556,SQN 310 Bloco I,,,,,,,https://www.dfimoveis.com.br/imovel/apartamento-3-quartos-aluguel-asa-norte-brasilia-df-sqn-310-bloco-i-1077556,seed:links.txt
812025,SQS 316 Bloco G,,,,,,,https://www.dfimoveis.com.br/imovel/apartamento-3-quartos-aluguel-asa-sul-brasilia-df-sqs-316-bloco-g-812025,seed:links.txt
904122,SQN 115 Bloco C,,,,,,,https://www.dfimoveis.com.br/imovel/apartamento-3-quartos-aluguel-asa-norte-brasilia-df-sqn-115-bloco-c-904122,seed:links.txt
1078493,SQN 310 Bloco I,,,,,,,https://www.dfimoveis.com.br/imovel/apartamento-3-quartos-aluguel-asa-norte-brasilia-df-sqn-310-bloco-i-1078493,seed:links.txt
1079561,SQS 112 Bloco F,,,,,,,https://www.dfimoveis.com.br/imovel/apartamento-3-quartos-aluguel-asa-sul-brasilia-df-sqs-112-bloco-f-1079561,seed:links.txt
569876,SQS 213 Bloco H,,,,,,,https://www.dfimoveis.com.br/imovel/apartamento-4-quartos-aluguel-asa-sul-brasilia-df-sqs-213-bloco-h-569876,seed:links.txt
1080268,SQN 307,,,,,,,https://www.dfimoveis.com.br/imovel/apartamento-3-quartos-aluguel-asa-norte-brasilia-df-sqn-307-1080268,seed:links.txt
1080212,SQN 104 Bloco G,,,,,,,https://www.dfimoveis.com.br/imovel/apartamento-3-quartos-aluguel-asa-norte-brasilia-df-sqn-104-bloco-g-1080212,seed:links.txt
132033,SHIGS 706,,,,,,,https://www.dfimoveis.com.br/imovel/casa-3-quartos-aluguel-asa-sul-brasilia-df-shigs-706-132033,seed:links.txt
955332,SQN 107,,,,,,,https://www.dfimoveis.com.br/imovel/apartamento-4-quartos-aluguel-asa-norte-brasilia-df-sqn-107-955332,seed:links.txt
1081828,SQS 104 Bloco D,,,,,,,https://www.dfimoveis.com.br/imovel/apartamento-4-quartos-aluguel-asa-sul-brasilia-df-sqs-104-bloco-d-1081828,seed:links.txt
1082171,SQN 310 Bloco L,,,,,,,https://www.dfimoveis.com.br/imovel/apartamento-4-quartos-aluguel-asa-norte-brasilia-df-sqn-310-bloco-l-1082171,seed:links.txt
1082772,SQS 102 Bloco G,,,,,,,https://www.dfimoveis.com.br/imovel/apartamento-4-quartos-aluguel-asa-sul-brasilia-df-sqs-102-bloco-g-1082772,seed:links.txt
1084867,SQN 111 Bloco K,,,,,,,https://www.dfimoveis.com.br/imovel/apartamento-3-quartos-aluguel-asa-norte-brasilia-df-sqn-111-bloco-k-1084867,seed:links.txt
1036275,SQN 208 Bloco H,,,,,,,https://www.dfimoveis.com.br/imovel/apartamento-4-quartos-aluguel-asa-norte-brasilia-df-sqn-208-bloco-h-1036275,seed:links.txt
1084952,SQN 106,,,,,,,https://www.dfimoveis.com.br/imovel/apartamento-4-quartos-aluguel-asa-norte-brasilia-df-sqn-106-1084952,seed:links.txt
1085229,SQN 104 Bloco C,,,,,,,https://www.dfimoveis.com.br/imovel/apartamento-3-quartos-aluguel-asa-norte-brasilia-df-sqn-104-bloco-c-1085229,seed:links.txt
713334,SQN 116,,,,,,,https://www.dfimoveis.com.br/imovel/apartamento-3-quartos-aluguel-asa-norte-brasilia-df-sqn-116-713334,seed:links.txt
1078101,SQN 309 Bloco M,,,,,,,https://www.dfimoveis.com.br/imovel/apartamento-4-quartos-aluguel-asa-norte-brasilia-df-sqn-309-bloco-m-1078101,seed:links.txt
1086672,SQN 208,,,,,,,https://www.dfimoveis.com.br/imovel/apartamento-3-quartos-aluguel-asa-norte-brasilia-df-sqn-208-1086672,seed:links.txt
1086778,SQN 205,,,,,,,https://www.dfimoveis.com.br/imovel/apartamento-4-quartos-aluguel-asa-norte-brasilia-df-sqn-205-1086778,seed:links.txt
1087241,SQS 206 Bloco D,,,,,,,https://www.dfimoveis.com.br/imovel/apartamento-3-quartos-aluguel-asa-sul-brasilia-df-sqs-206-bloco-d-1087241,seed:links.txt
1087972,SQN 111,,,,,,,https://www.dfimoveis.com.br/imovel/apartamento-3-quartos-aluguel-asa-norte-brasilia-df-sqn-111-1087972,seed:links.txt
1057063,SQN 208 Bloco B,,,,,,,https://www.dfimoveis.com.br/imovel/apartamento-3-quartos-aluguel-asa-norte-brasilia-df-sqn-208-bloco-b-1057063,seed:links.txt
1088433,SQN 209 Bloco E,,,,,,,https://www.dfimoveis.com.br/imovel/apartamento-3-quartos-aluguel-asa-norte-brasilia-df-sqn-209-bloco-e-1088433,seed:links.txt
1088572,SQS 206 Bloco D,,,,,,,https://www.dfimoveis.com.br/imovel/apartamento-3-quartos-aluguel-asa-sul-brasilia-df-sqs-206-bloco-d-1088572,seed:links.txt
1089114,SQN 315 Bloco J,,,,,,,https://www.dfimoveis.com.br/imovel/apartamento-3-quartos-aluguel-asa-norte-brasilia-df-sqn-315-bloco-j-1089114,seed:links.txt
1089413,SQS 102 Bloco K,,,,,,,https://www.dfimoveis.com.br/imovel/apartamento-3-quartos-aluguel-asa-sul-brasilia-df-sqs-102-bloco-k-1089413,seed:links.txt
1089454,SQN 205 Bloco K,,,,,,,https://www.dfimoveis.com.br/imovel/apartamento-4-quartos-aluguel-asa-norte-brasilia-df-sqn-205-bloco-k-1089454,seed:links.txt
1089403,SQN 304 Bloco C,,,,,,,https://www.dfimoveis.com.br/imovel/apartamento-3-quartos-aluguel-asa-norte-brasilia-df-sqn-304-bloco-c-1089403,seed:links.txt
342186,SQN 315 Bloco K,,,,,,,https://www.dfimoveis.com.br/imovel/apartamento-3-quartos-aluguel-asa-norte-brasilia-df-sqn-315-bloco-k-342186,seed:links.txt
1091665,SQN 308,,,,,,,https://www.dfimoveis.com.br/imovel/apartamento-3-quartos-aluguel-asa-norte-brasilia-df-sqn-308-1091665,seed:links.txt
1092018,SQN 106,,,,,,,https://www.dfimoveis.com.br/imovel/apartamento-4-quartos-aluguel-asa-norte-brasilia-df-sqn-106-1092018,seed:links.txt
1092056,SHCGN 715 Bloco N,,,,,,,https://www.dfimoveis.com.br/imovel/casa-4-quartos-aluguel-asa-norte-brasilia-df-shcgn-715-bloco-n-1092056,seed:links.txt
1092348,SQS 104 Bloco K,,,,,,,https://www.dfimoveis.com.br/imovel/apartamento-4-quartos-aluguel-asa-sul-brasilia-df-sqs-104-bloco-k-1092348,seed:links.txt
1092393,SQS 308,,,,,,,https://www.dfimoveis.com.br/imovel/apartamento-3-quartos-aluguel-asa-sul-brasilia-df-sqs-308-1092393,seed:links.txt
1092564,SQS 104 Bloco D,,,,,,,https://www.dfimoveis.com.br/imovel/apartamento-4-quartos-aluguel-asa-sul-brasilia-df-sqs-104-bloco-d-1092564,seed:links.txt
1092568,SQN 203,,,,,,,https://www.dfimoveis.com.br/imovel/apartamento-3-quartos-aluguel-asa-norte-brasilia-df-sqn-203-1092568,seed:links.txt
382261,SQS 303 Bloco D,,,,,,,https://www.dfimoveis.com.br/imovel/apartamento-3-quartos-aluguel-asa-sul-brasilia-df-sqs-303-bloco-d-382261,seed:links.txt
1093263,SQN 210 Bloco I,,,,,,,https://www.dfimoveis.com.br/imovel/apartamento-3-quartos-aluguel-asa-norte-brasilia-df-sqn-210-bloco-i-1093263,seed:links.txt
681272,SQS 113 Bloco H,,,,,,,https://www.dfimoveis.com.br/imovel/apartamento-4-quartos-aluguel-asa-sul-brasilia-df-sqs-113-bloco-h-681272,seed:links.txt
1095627,SQN 315 Bloco G,,,,,,,https://www.dfimoveis.com.br/imovel/apartamento-3-quartos-aluguel-asa-norte-brasilia-df-sqn-315-bloco-g-1095627,seed:links.txt
1096268,SQS 302,,,,,,,https://www.dfimoveis.com.br/imovel/apartamento-3-quartos-aluguel-asa-sul-brasilia-df-sqs-302-1096268,seed:links.txt
1072065,SQS 203,,,,,,,https://www.dfimoveis.com.br/imovel/apartamento-3-quartos-aluguel-asa-sul-brasilia-df-sqs-203-1072065,seed:links.txt
1096509,SQN 210 Bloco C,,,,,,,https://www.dfimoveis.com.br/imovel/apartamento-3-quartos-aluguel-asa-norte-brasilia-df-sqn-210-bloco-c-1096509,seed:links.txt
560588,SQS 102 Bloco A,,,,,,,https://www.dfimoveis.com.br/imovel/apartamento-3-quartos-aluguel-asa-sul-brasilia-df-sqs-102-bloco-a-560588,seed:links.txt
832624,SQS 102 Bloco D,,,,,,,https://www.dfimoveis.com.br/imovel/apartamento-3-quartos-aluguel-asa-sul-brasilia-df-sqs-102-bloco-d-832624,seed:links.txt
1097668,SHIGS 704 Bloco H,,,,,,,https://www.dfimoveis.com.br/imovel/casa-4-quartos-aluguel-asa-sul-brasilia-df-shigs-704-bloco-h-1097668,seed:links.txt
1097627,SQS 302,,,,,,,https://www.dfimoveis.com.br/imovel/apartamento-3-quartos-aluguel-asa-sul-brasilia-df-sqs-302-1097627,seed:links.txt
1098623,SQS 210 Bloco E,,,,,,,https://www.dfimoveis.com.br/imovel/apartamento-4-quartos-aluguel-asa-sul-brasilia-df-sqs-210-bloco-e-1098623,seed:links.txt
1098317,SQN 308 Bloco C,,,,,,,https://www.dfimoveis.com.br/imovel/apartamento-3-quartos-aluguel-asa-norte-brasilia-df-sqn-308-bloco-c-1098317,seed:links.txt
1098744,SQN 205 Bloco K,,,,,,,https://www.dfimoveis.com.br/imovel/apartamento-3-quartos-aluguel-asa-norte-brasilia-df-sqn-205-bloco-k-1098744,seed:links.txt
1099427,SHIGS 711 Bloco I,,,,,,,https://www.dfimoveis.com.br/imovel/casa-3-quartos-aluguel-asa-sul-brasilia-df-shigs-711-bloco-i-1099427,seed:links.txt
1100114,SQS 105,,,,,,,https://www.dfimoveis.com.br/imovel/apartamento-4-quartos-aluguel-asa-sul-brasilia-df-sqs-105-1100114,seed:links.txt
1100868,SQS 203 Bloco H,,,,,,,https://www.dfimoveis.com.br/imovel/apartamento-3-quartos-aluguel-asa-sul-brasilia-df-sqs-203-bloco-h-1100868,seed:links.txt
440684,SQS 207 Bloco D,,,,,,,https://www.dfimoveis.com.br/imovel/apartamento-4-quartos-aluguel-asa-sul-brasilia-df-sqs-207-bloco-d-440684,seed:links.txt
1101615,SQS 213 Bloco G,,,,,,,https://www.dfimoveis.com.br/imovel/apartamento-4-quartos-aluguel-asa-sul-brasilia-df-sqs-213-bloco-g-1101615,seed:links.txt
869826,SQS 102 Bloco C,,,,,,,https://www.dfimoveis.com.br/imovel/apartamento-3-quartos-aluguel-asa-sul-brasilia-df-sqs-102-bloco-c-869826,seed:links.txt
675031,SQS 206 Bloco H,,,,,,,https://www.dfimoveis.com.br/imovel/apartamento-3-quartos-aluguel-asa-sul-brasilia-df-sqs-206-bloco-h-675031,seed:links.txt
1102721,SQS 215 Bloco B,,,,,,,https://www.dfimoveis.com.br/imovel/apartamento-3-quartos-aluguel-asa-sul-brasilia-df-sqs-215-bloco-b-1102721,seed:links.txt
1102705,SQS 215 Bloco K,,,,,,,https://www.dfimoveis.com.br/imovel/apartamento-3-quartos-aluguel-asa-sul-brasilia-df-sqs-215-bloco-k-1102705,seed:links.txt
463286,SQS 114 Bloco F,,,,,,,https://www.dfimoveis.com.br/imovel/apartamento-3-quartos-aluguel-asa-sul-brasilia-df-sqs-114-bloco-f-463286,seed:links.txt
1102968,SQS 114 Bloco H,,,,,,,https://www.dfimoveis.com.br/imovel/apartamento-3-quartos-aluguel-asa-sul-brasilia-df-sqs-114-bloco-h-1102968,seed:links.txt
1103337,SHIGS 715 Bloco D,,,,,,,https://www.dfimoveis.com.br/imovel/casa-4-quartos-aluguel-asa-sul-brasilia-df-shigs-715-bloco-d-1103337,seed:links.txt
1103221,SHCGN 709 Bloco C,,,,,,,https://www.dfimoveis.com.br/imovel/casa-4-quartos-aluguel-asa-norte-brasilia-df-shcgn-709-bloco-c-1103221,seed:links.txt
1103728,SHIGS 703 Bloco F,,,,,,,https://www.dfimoveis.com.br/imovel/casa-4-quartos-aluguel-asa-sul-brasilia-df-shigs-703-bloco-f-1103728,seed:links.txt
742292,SQS 309 Bloco H,,,,,,,https://www.dfimoveis.com.br/imovel/apartamento-4-quartos-aluguel-asa-sul-brasilia-df-sqs-309-bloco-h-742292,seed:links.txt
657014,SHIGS 704 Bloco H,,,,,,,https://www.dfimoveis.com.br/imovel/casa-4-quartos-aluguel-asa-sul-brasilia-df-shigs-704-bloco-h-657014,seed:links.txt
1103842,SQN 115,,,,,,,https://www.dfimoveis.com.br/imovel/apartamento-4-quartos-aluguel-asa-norte-brasilia-df-sqn-115-1103842,seed:links.txt
1104650,SHIGS 711 Bloco A,,,,,,,https://www.dfimoveis.com.br/imovel/casa-3-quartos-aluguel-asa-sul-brasilia-df-shigs-711-bloco-a-1104650,seed:links.txt
1105872,SQN 205 Bloco E,,,,,,,https://www.dfimoveis.com.br/imovel/apartamento-3-quartos-aluguel-asa-norte-brasilia-df-sqn-205-bloco-e-1105872,seed:links.txt
387131,SQS 304,,,,,,,https://www.dfimoveis.com.br/imovel/apartamento-3-quartos-aluguel-asa-sul-brasilia-df-sqs-304-387131,seed:links.txt
1107399,SQN 115 Bloco J,,,,,,,https://www.dfimoveis.com.br/imovel/apartamento-4-quartos-aluguel-asa-norte-brasilia-df-sqn-115-bloco-j-1107399,seed:links.txt
232615,SQN 202 Bloco F,,,,,,,https://www.dfimoveis.com.br/imovel/apartamento-3-quartos-aluguel-asa-norte-brasilia-df-sqn-202-bloco-f-232615,seed:links.txt
227650,SQS 316 Bloco H,,,,,,,https://www.dfimoveis.com.br/imovel/apartamento-3-quartos-aluguel-asa-sul-brasilia-df-sqs-316-bloco-h-227650,seed:links.txt
1108912,SQN 202 Bloco F,,,,,,,https://www.dfimoveis.com.br/imovel/apartamento-3-quartos-aluguel-asa-norte-brasilia-df-sqn-202-bloco-f-1108912,seed:links.txt
270870,SQN 309 Bloco O,,,,,,,https://www.dfimoveis.com.br/imovel/apartamento-3-quartos-aluguel-asa-norte-brasilia-df-sqn-309-bloco-o-270870,seed:links.txt
475724,SQN 115 Bloco J,,,,,,,https://www.dfimoveis.com.br/imovel/apartamento-4-quartos-aluguel-asa-norte-brasilia-df-sqn-115-bloco-j-475724,seed:links.txt
982621,SQN 308 Bloco A,,,,,,,https://www.dfimoveis.com.br/imovel/apartamento-3-quartos-aluguel-asa-norte-brasilia-df-sqn-308-bloco-a-982621,seed:links.txt
180841,SQN 202 Bloco F,,,,,,,https://www.dfimoveis.com.br/imovel/apartamento-4-quartos-aluguel-asa-norte-brasilia-df-sqn-202-bloco-f-180841,seed:links.txt
1113556,SQN 203 Bloco F,,,,,,,https://www.dfimoveis.com.br/imovel/apartamento-4-quartos-aluguel-asa-norte-brasilia-df-sqn-203-bloco-f-1113556,seed:links.txt
1114399,SQN 315 Bloco D,,,,,,,https://www.dfimoveis.com.br/imovel/apartamento-3-quartos-aluguel-asa-norte-brasilia-df-sqn-315-bloco-d-1114399,seed:links.txt
604727,SQS 303 Bloco D,,,,,,,https://www.dfimoveis.com.br/imovel/apartamento-3-quartos-aluguel-asa-sul-brasilia-df-sqs-303-bloco-d-604727,seed:links.txt
529647,SQS 115 Bloco D,,,,,,,https://www.dfimoveis.com.br/imovel/apartamento-3-quartos-aluguel-asa-sul-brasilia-df-sqs-115-bloco-d-529647,seed:links.txt
1113938,SQN 203 Bloco F,,,,,,,https://www.dfimoveis.com.br/imovel/apartamento-4-quartos-aluguel-asa-norte-brasilia-df-sqn-203-bloco-f-1113938,seed:links.txt
1115069,SQN 203,,,,,,,https://www.dfimoveis.com.br/imovel/apartamento-4-quartos-aluguel-asa-norte-brasilia-df-sqn-203-1115069,seed:links.txt
1115161,SQS 216 Bloco H,,,,,,,https://www.dfimoveis.com.br/imovel/apartamento-3-quartos-aluguel-asa-sul-brasilia-df-sqs-216-bloco-h-1115161,seed:links.txt
307472,SQS 115 Bloco F,,,,,,,https://www.dfimoveis.com.br/imovel/apartamento-3-quartos-aluguel-asa-sul-brasilia-df-sqs-115-bloco-f-307472,seed:links.txt
481979,SHIGS 707 Bloco Q,,,,,,,https://www.dfimoveis.com.br/imovel/casa-4-quartos-aluguel-asa-sul-brasilia-df-shigs-707-bloco-q-481979,seed:links.txt
1116555,SQN 112 Bloco G,,,,,,,https://www.dfimoveis.com.br/imovel/apartamento-3-quartos-aluguel-asa-norte-brasilia-df-sqn-112-bloco-g-1116555,seed:links.txt
917853,SQS 211 Bloco K,,,,,,,https://www.dfimoveis.com.br/imovel/apartamento-3-quartos-aluguel-asa-sul-brasilia-df-sqs-211-bloco-k-917853,seed:links.txt
1117852,SQS 210 Bloco A,,,,,,,https://www.dfimoveis.com.br/imovel/apartamento-4-quartos-aluguel-asa-sul-brasilia-df-sqs-210-bloco-a-1117852,seed:links.txt
1117945,SQN 210 Bloco I,,,,,,,https://www.dfimoveis.com.br/imovel/apartamento-3-quartos-aluguel-asa-norte-brasilia-df-sqn-210-bloco-i-1117945,seed:links.txt
1119297,SQS 315 Bloco I,,,,,,,https://www.dfimoveis.com.br/imovel/apartamento-3-quartos-aluguel-asa-sul-brasilia-df-sqs-315-bloco-i-1119297,seed:links.txt
1119349,EQS 414 415,,,,,,,https://www.dfimoveis.com.br/imovel/apartamento-3-quartos-aluguel-asa-sul-brasilia-df-eqs-414-415-1119349,seed:links.txt
1119924,SQN 308 Bloco A,,,,,,,https://www.dfimoveis.com.br/imovel/apartamento-3-quartos-aluguel-asa-norte-brasilia-df-sqn-308-bloco-a-1119924,seed:links.txt
778361,SQS 311 Bloco K,,,,,,,https://www.dfimoveis.com.br/imovel/apartamento-3-quartos-aluguel-asa-sul-brasilia-df-sqs-311-bloco-k-778361,seed:links.txt
909418,SQN 212 Bloco E,,,,,,,https://www.dfimoveis.com.br/imovel/apartamento-3-quartos-aluguel-asa-norte-brasilia-df-sqn-212-bloco-e-909418,seed:links.txt
1121000,SQN 115 Bloco F,,,,,,,https://www.dfimoveis.com.br/imovel/apartamento-3-quartos-aluguel-asa-norte-brasilia-df-sqn-115-bloco-f-1121000,seed:links.txt
1122058,SHIGS 705 Bloco G,,,,,,,https://www.dfimoveis.com.br/imovel/casa-4-quartos-aluguel-asa-sul-brasilia-df-shigs-705-bloco-g-1122058,seed:links.txt
463266,SQN 307 Bloco A,,,,,,,https://www.dfimoveis.com.br/imovel/apartamento-3-quartos-aluguel-asa-norte-brasilia-df-sqn-307-bloco-a-463266,seed:links.txt
1123953,EQS 414 415,,,,,,,https://www.dfimoveis.com.br/imovel/apartamento-3-quartos-aluguel-asa-sul-brasilia-df-eqs-414-415-1123953,seed:links.txt
1124809,SQN 202 Bloco A,,,,,,,https://www.dfimoveis.com.br/imovel/apartamento-3-quartos-aluguel-asa-norte-brasilia-df-sqn-202-bloco-a-1124809,seed:links.txt
1124926,SQS 206 Bloco H,,,,,,,https://www.dfimoveis.com.br/imovel/apartamento-3-quartos-aluguel-asa-sul-brasilia-df-sqs-206-bloco-h-1124926,seed:links.txt
839904,SQN 311 Bloco L,,,,,,,https://www.dfimoveis.com.br/imovel/apartamento-3-quartos-aluguel-asa-norte-brasilia-df-sqn-311-bloco-l-839904,seed:links.txt
1125523,SQN 311 Bloco A,,,,,,,https://www.dfimoveis.com.br/imovel/apartamento-3-quartos-aluguel-asa-norte-brasilia-df-sqn-311-bloco-a-1125523,seed:links.txt
355621,SQN 309 Bloco O,,,,,,,https://www.dfimoveis.com.br/imovel/apartamento-4-quartos-aluguel-asa-norte-brasilia-df-sqn-309-bloco-o-355621,seed:links.txt
679886,SQN 108 Bloco D,,,,,,,https://www.dfimoveis.com.br/imovel/apartamento-3-quartos-aluguel-asa-norte-brasilia-df-sqn-108-bloco-d-679886,seed:links.txt
351162,SQN 211 Bloco H,,,,,,,https://www.dfimoveis.com.br/imovel/apartamento-3-quartos-aluguel-asa-norte-brasilia-df-sqn-211-bloco-h-351162,seed:links.txt
1127025,SQN 315 Bloco I,,,,,,,https://www.dfimoveis.com.br/imovel/apartamento-3-quartos-aluguel-asa-norte-brasilia-df-sqn-315-bloco-i-1127025,seed:links.txt
1127935,SQN 108,,,,,,,https://www.dfimoveis.com.br/imovel/apartamento-3-quartos-aluguel-asa-norte-brasilia-df-sqn-108-1127935,seed:links.txt
23917,SQS 216 Bloco I,,,,,,,https://www.dfimoveis.com.br/imovel/apartamento-3-quartos-aluguel-asa-sul-brasilia-df-sqs-216-bloco-i-23917,seed:links.txt
1128325,SQN 203,,,,,,,https://www.dfimoveis.com.br/imovel/casa-4-quartos-aluguel-asa-norte-brasilia-df-sqn-203-1128325,seed:links.txt
1130479,SQS 308,,,,,,,https://www.dfimoveis.com.br/imovel/apartamento-3-quartos-aluguel-asa-sul-brasilia-df-sqs-308-1130479,seed:links.txt
895324,SHIGS 706 Bloco I,,,,,,,https://www.dfimoveis.com.br/imovel/casa-3-quartos-aluguel-asa-sul-brasilia-df-shigs-706-bloco-i-895324,seed:links.txt
1131998,SQN 206,,,,,,,https://www.dfimoveis.com.br/imovel/apartamento-3-quartos-aluguel-asa-norte-brasilia-df-sqn-206-1131998,seed:links.txt
1131996,SQN 205 Bloco I,,,,,,,https://www.dfimoveis.com.br/imovel/apartamento-3-quartos-aluguel-asa-norte-brasilia-df-sqn-205-bloco-i-1131996,seed:links.txt
1132957,SQS 213,,,,,,,https://www.dfimoveis.com.br/imovel/apartamento-4-quartos-aluguel-asa-sul-brasilia-df-sqs-213-1132957,seed:links.txt
1133398,SQN 314,,,,,,,https://www.dfimoveis.com.br/imovel/apartamento-3-quartos-aluguel-asa-norte-brasilia-df-sqn-314-1133398,seed:links.txt
316221,SQS 211 Bloco D,,,,,,,https://www.dfimoveis.com.br/imovel/apartamento-4-quartos-aluguel-asa-sul-brasilia-df-sqs-211-bloco-d-316221,seed:links.txt
1114639,SQS 210 Bloco A,,,,,,,https://www.dfimoveis.com.br/imovel/apartamento-4-quartos-aluguel-asa-sul-brasilia-df-sqs-210-bloco-a-1114639,seed:links.txt
327731,SHCGN 709 Bloco J,,,,,,,https://www.dfimoveis.com.br/imovel/casa-4-quartos-aluguel-asa-norte-brasilia-df-shcgn-709-bloco-j-327731,seed:links.txt
1137177,EQS 414 415,,,,,,,https://www.dfimoveis.com.br/imovel/casa-3-quartos-aluguel-asa-sul-brasilia-df-eqs-414-415-1137177,seed:links.txt
281507,SQN 108 Bloco K,,,,,,,https://www.dfimoveis.com.br/imovel/apartamento-3-quartos-aluguel-asa-norte-brasilia-df-sqn-108-bloco-k-281507,seed:links.txt
268101,SQN 310 Bloco I,,,,,,,https://www.dfimoveis.com.br/imovel/apartamento-3-quartos-aluguel-asa-norte-brasilia-df-sqn-310-bloco-i-268101,seed:links.txt
1137659,SQN 202 Bloco D,,,,,,,https://www.dfimoveis.com.br/imovel/apartamento-4-quartos-aluguel-asa-norte-brasilia-df-sqn-202-bloco-d-1137659,seed:links.txt
1127159,SQS 211 Bloco F,,,,,,,https://www.dfimoveis.com.br/imovel/apartamento-3-quartos-aluguel-asa-sul-brasilia-df-sqs-211-bloco-f-1127159,seed:links.txt
1138094,SQS 208 Bloco J,,,,,,,https://www.dfimoveis.com.br/imovel/apartamento-3-quartos-aluguel-asa-sul-brasilia-df-sqs-208-bloco-j-1138094,seed:links.txt
1138215,SQN 208,,,,,,,https://www.dfimoveis.com.br/imovel/apartamento-3-quartos-aluguel-asa-norte-brasilia-df-sqn-208-1138215,seed:links.txt
1138213,SHTN Trecho 1,,,,,,,https://www.dfimoveis.com.br/imovel/apartamento-4-quartos-aluguel-asa-norte-brasilia-df-shtn-trecho-1-1138213,seed:links.txt
1093718,SQS 308 Bloco C,,,,,,,https://www.dfimoveis.com.br/imovel/apartamento-4-quartos-aluguel-asa-sul-brasilia-df-sqs-308-bloco-c-1093718,seed:links.txt
1139169,SHIGS 710,,,,,,,https://www.dfimoveis.com.br/imovel/casa-3-quartos-aluguel-asa-sul-brasilia-df-shigs-710-1139169,seed:links.txt
1138848,SQN 202 Bloco C,,,,,,,https://www.dfimoveis.com.br/imovel/apartamento-4-quartos-aluguel-asa-norte-brasilia-df-sqn-202-bloco-c-1138848,seed:links.txt
1138900,SQN 215 Bloco C,,,,,,,https://www.dfimoveis.com.br/imovel/apartamento-3-quartos-aluguel-asa-norte-brasilia-df-sqn-215-bloco-c-1138900,seed:links.txt
1139564,SHCGN 703 Bloco B,,,,,,,https://www.dfimoveis.com.br/imovel/casa-4-quartos-aluguel-asa-norte-brasilia-df-shcgn-703-bloco-b-1139564,seed:links.txt
1139996,SQS 208 Bloco C,,,,,,,https://www.dfimoveis.com.br/imovel/apartamento-3-quartos-aluguel-asa-sul-brasilia-df-sqs-208-bloco-c-1139996,seed:links.txt
1140008,SQN 316 Bloco F,,,,,,,https://www.dfimoveis.com.br/imovel/apartamento-3-quartos-aluguel-asa-norte-brasilia-df-sqn-316-bloco-f-1140008,seed:links.txt
1140713,SQS 204 Bloco B,,,,,,,https://www.dfimoveis.com.br/imovel/apartamento-3-quartos-aluguel-asa-sul-brasilia-df-sqs-204-bloco-b-1140713,seed:links.txt
1140723,SQN 202 Bloco F,,,,,,,https://www.dfimoveis.com.br/imovel/apartamento-4-quartos-aluguel-asa-norte-brasilia-df-sqn-202-bloco-f-1140723,seed:links.txt
1141193,SQN 203 Bloco F,,,,,,,https://www.dfimoveis.com.br/imovel/apartamento-4-quartos-aluguel-asa-norte-brasilia-df-sqn-203-bloco-f-1141193,seed:links.txt
1142292,SQN 111 Bloco I,,,,,,,https://www.dfimoveis.com.br/imovel/apartamento-3-quartos-aluguel-asa-norte-brasilia-df-sqn-111-bloco-i-1142292,seed:links.txt
1143487,EQS 414 415,,,,,,,https://www.dfimoveis.com.br/imovel/casa-condominio-3-quartos-aluguel-asa-sul-brasilia-df-eqs-414-415-1143487,seed:links.txt
1144773,SQN 108,,,,,,,https://www.dfimoveis.com.br/imovel/apartamento-3-quartos-aluguel-asa-norte-brasilia-df-sqn-108-1144773,seed:links.txt
759023,SQS 314 Bloco G,,,,,,,https://www.dfimoveis.com.br/imovel/apartamento-3-quartos-aluguel-asa-sul-brasilia-df-sqs-314-bloco-g-759023,seed:links.txt
1147720,SQS 112 Bloco G,,,,,,,https://www.dfimoveis.com.br/imovel/apartamento-3-quartos-aluguel-asa-sul-brasilia-df-sqs-112-bloco-g-1147720,seed:links.txt
1147718,SQS 216 Bloco H,,,,,,,https://www.dfimoveis.com.br/imovel/apartamento-3-quartos-aluguel-asa-sul-brasilia-df-sqs-216-bloco-h-1147718,seed:links.txt
1148562,SQS 115 Bloco D,,,,,,,https://www.dfimoveis.com.br/imovel/apartamento-3-quartos-aluguel-asa-sul-brasilia-df-sqs-115-bloco-d-1148562,seed:links.txt
1148960,SQS 311 Bloco H,,,,,,,https://www.dfimoveis.com.br/imovel/apartamento-3-quartos-aluguel-asa-sul-brasilia-df-sqs-311-bloco-h-1148960,seed:links.txt
699919,SHIGS 704 Bloco A,,,,,,,https://www.dfimoveis.com.br/imovel/casa-4-quartos-aluguel-asa-sul-brasilia-df-shigs-704-bloco-a-699919,seed:links.txt
873202,SQS 303 Bloco A,,,,,,,https://www.dfimoveis.com.br/imovel/apartamento-3-quartos-aluguel-asa-sul-brasilia-df-sqs-303-bloco-a-873202,seed:links.txt
1150516,SQN 205 Bloco I,,,,,,,https://www.dfimoveis.com.br/imovel/apartamento-3-quartos-aluguel-asa-norte-brasilia-df-sqn-205-bloco-i-1150516,seed:links.txt
901656,SHCGN 711 Bloco P,,,,,,,https://www.dfimoveis.com.br/imovel/casa-4-quartos-aluguel-asa-norte-brasilia-df-shcgn-711-bloco-p-901656,seed:links.txt
1128423,SQS 309,,,,,,,https://www.dfimoveis.com.br/imovel/apartamento-4-quartos-aluguel-asa-sul-brasilia-df-sqs-309-1128423,seed:links.txt
1153590,SQS 211 Bloco B,,,,,,,https://www.dfimoveis.com.br/imovel/apartamento-3-quartos-aluguel-asa-sul-brasilia-df-sqs-211-bloco-b-1153590,seed:links.txt
1139046,SHCGN 714 Bloco V,,,,,,,https://www.dfimoveis.com.br/imovel/casa-4-quartos-aluguel-asa-norte-brasilia-df-shcgn-714-bloco-v-1139046,seed:links.txt
1153259,SQN 211,,,,,,,https://www.dfimoveis.com.br/imovel/apartamento-3-quartos-aluguel-asa-norte-brasilia-df-sqn-211-1153259,seed:links.txt
1153164,SQN 203 Bloco K,,,,,,,https://www.dfimoveis.com.br/imovel/apartamento-3-quartos-aluguel-asa-norte-brasilia-df-sqn-203-bloco-k-1153164,seed:links.txt
1151769,SQN 304 Bloco G,,,,,,,https://www.dfimoveis.com.br/imovel/apartamento-3-quartos-aluguel-asa-norte-brasilia-df-sqn-304-bloco-g-1151769,seed:links.txt
702644,SQN 202 Bloco D,,,,,,,https://www.dfimoveis.com.br/imovel/apartamento-4-quartos-aluguel-asa-norte-brasilia-df-sqn-202-bloco-d-702644,seed:links.txt
1156760,SQN 209 Bloco J,,,,,,,https://www.dfimoveis.com.br/imovel/apartamento-4-quartos-aluguel-asa-norte-brasilia-df-sqn-209-bloco-j-1156760,seed:links.txt
794354,SHIGS 703 Bloco M,,,,,,,https://www.dfimoveis.com.br/imovel/casa-4-quartos-aluguel-asa-sul-brasilia-df-shigs-703-bloco-m-794354,seed:links.txt
1157515,SQS 212 Bloco G,,,,,,,https://www.dfimoveis.com.br/imovel/apartamento-3-quartos-aluguel-asa-sul-brasilia-df-sqs-212-bloco-g-1157515,seed:links.txt
1157998,SHIGS 705 Bloco A,,,,,,,https://www.dfimoveis.com.br/imovel/casa-4-quartos-aluguel-asa-sul-brasilia-df-shigs-705-bloco-a-1157998,seed:links.txt
1157725,SQN 104 Bloco B,,,,,,,https://www.dfimoveis.com.br/imovel/apartamento-3-quartos-aluguel-asa-norte-brasilia-df-sqn-104-bloco-b-1157725,seed:links.txt
1160390,SQN 304 Bloco G,,,,,,,https://www.dfimoveis.com.br/imovel/apartamento-3-quartos-aluguel-asa-norte-brasilia-df-sqn-304-bloco-g-1160390,seed:links.txt
1163101,SQS 302 Bloco J,,,,,,,https://www.dfimoveis.com.br/imovel/apartamento-3-quartos-aluguel-asa-sul-brasilia-df-sqs-302-bloco-j-1163101,seed:links.txt
1163227,SQS 109 Bloco C,,,,,,,https://www.dfimoveis.com.br/imovel/apartamento-3-quartos-aluguel-asa-sul-brasilia-df-sqs-109-bloco-c-1163227,seed:links.txt
1164298,SQS 206 Bloco G,,,,,,,https://www.dfimoveis.com.br/imovel/apartamento-3-quartos-aluguel-asa-sul-brasilia-df-sqs-206-bloco-g-1164298,seed:links.txt
1164229,SQN 116,,,,,,,https://www.dfimoveis.com.br/imovel/apartamento-3-quartos-aluguel-asa-norte-brasilia-df-sqn-116-1164229,seed:links.txt
492693,SQN 111 Bloco A,,,,,,,https://www.dfimoveis.com.br/imovel/apartamento-4-quartos-aluguel-asa-norte-brasilia-df-sqn-111-bloco-a-492693,seed:links.txt
1165903,SQN 112 Bloco B,,,,,,,https://www.dfimoveis.com.br/imovel/apartamento-3-quartos-aluguel-asa-norte-brasilia-df-sqn-112-bloco-b-1165903,seed:links.txt
1166961,SQS 211,,,,,,,https://www.dfimoveis.com.br/imovel/apartamento-3-quartos-aluguel-asa-sul-brasilia-df-sqs-211-1166961,seed:links.txt
140973,SHIGS 705 Bloco D,,,,,,,https://www.dfimoveis.com.br/imovel/casa-4-quartos-aluguel-asa-sul-brasilia-df-shigs-705-bloco-d-140973,seed:links.txt
1168409,SQS 309 Bloco J,,,,,,,https://www.dfimoveis.com.br/imovel/apartamento-4-quartos-aluguel-asa-sul-brasilia-df-sqs-309-bloco-j-1168409,seed:links.txt
1169722,SQS 310 Bloco B,,,,,,,https://www.dfimoveis.com.br/imovel/apartamento-4-quartos-aluguel-asa-sul-brasilia-df-sqs-310-bloco-b-1169722,seed:links.txt
1170490,SQS 310 Bloco B,,,,,,,https://www.dfimoveis.com.br/imovel/apartamento-4-quartos-aluguel-asa-sul-brasilia-df-sqs-310-bloco-b-1170490,seed:links.txt
615744,SQS 216 Bloco D,,,,,,,https://www.dfimoveis.com.br/imovel/apartamento-4-quartos-aluguel-asa-sul-brasilia-df-sqs-216-bloco-d-615744,seed:links.txt
1077384,SQN 316 Bloco F,,,,,,,https://www.dfimoveis.com.br/imovel/apartamento-3-quartos-aluguel-asa-norte-brasilia-df-sqn-316-bloco-f-1077384,seed:links.txt
1172232,SHIGS 707 Bloco L,,,,,,,https://www.dfimoveis.com.br/imovel/casa-3-quartos-aluguel-asa-sul-brasilia-df-shigs-707-bloco-l-1172232,seed:links.txt
263401,SQN 304 Bloco C,,,,,,,https://www.dfimoveis.com.br/imovel/apartamento-3-quartos-aluguel-asa-norte-brasilia-df-sqn-304-bloco-c-263401,seed:links.txt
1172607,SQN 107 Bloco D,,,,,,,https://www.dfimoveis.com.br/imovel/apartamento-4-quartos-aluguel-asa-norte-brasilia-df-sqn-107-bloco-d-1172607,seed:links.txt
377740,SQS 302 Bloco F,,,,,,,https://www.dfimoveis.com.br/imovel/apartamento-3-quartos-aluguel-asa-sul-brasilia-df-sqs-302-bloco-f-377740,seed:links.txt
1172647,SQN 107 Bloco D,,,,,,,https://www.dfimoveis.com.br/imovel/apartamento-3-quartos-aluguel-asa-norte-brasilia-df-sqn-107-bloco-d-1172647,seed:links.txt
1174389,SHIGS 710 Bloco D,,,,,,,https://www.dfimoveis.com.br/imovel/casa-4-quartos-aluguel-asa-sul-brasilia-df-shigs-710-bloco-d-1174389,seed:links.txt
564868,SQN 307,,,,,,,https://www.dfimoveis.com.br/imovel/apartamento-3-quartos-aluguel-asa-norte-brasilia-df-sqn-307-564868,seed:links.txt
1179733,SQS 204 Bloco C,,,,,,,https://www.dfimoveis.com.br/imovel/apartamento-3-quartos-aluguel-asa-sul-brasilia-df-sqs-204-bloco-c-1179733,seed:links.txt
1180443,SQS 307 Bloco H,,,,,,,https://www.dfimoveis.com.br/imovel/apartamento-4-quartos-aluguel-asa-sul-brasilia-df-sqs-307-bloco-h-1180443,seed:links.txt
1180857,SQS 202 Bloco B,,,,,,,https://www.dfimoveis.com.br/imovel/apartamento-3-quartos-aluguel-asa-sul-brasilia-df-sqs-202-bloco-b-1180857,seed:links.txt
1182942,SQS 303 Bloco K,,,,,,,https://www.dfimoveis.com.br/imovel/apartamento-3-quartos-aluguel-asa-sul-brasilia-df-sqs-303-bloco-k-1182942,seed:links.txt
1157820,SQS 303 Bloco F,,,,,,,https://www.dfimoveis.com.br/imovel/apartamento-4-quartos-aluguel-asa-sul-brasilia-df-sqs-303-bloco-f-1157820,seed:links.txt
1183902,SQS 310 Bloco B,,,,,,,https://www.dfimoveis.com.br/imovel/apartamento-4-quartos-aluguel-asa-sul-brasilia-df-sqs-310-bloco-b-1183902,seed:links.txt
1166489,SQS 213 Bloco H,,,,,,,https://www.dfimoveis.com.br/imovel/apartamento-4-quartos-aluguel-asa-sul-brasilia-df-sqs-213-bloco-h-1166489,seed:links.txt
1184579,SQN 215 Bloco H,,,,,,,https://www.dfimoveis.com.br/imovel/apartamento-3-quartos-aluguel-asa-norte-brasilia-df-sqn-215-bloco-h-1184579,seed:links.txt
1186037,EQS 414 415,,,,,,,https://www.dfimoveis.com.br/imovel/casa-condominio-3-quartos-aluguel-asa-sul-brasilia-df-eqs-414-415-1186037,seed:links.txt
1187516,SQS 204,,,,,,,https://www.dfimoveis.com.br/imovel/apartamento-3-quartos-aluguel-asa-sul-brasilia-df-sqs-204-1187516,seed:links.txt
1188301,SQN 310 Bloco I,,,,,,,https://www.dfimoveis.com.br/imovel/apartamento-3-quartos-aluguel-asa-norte-brasilia-df-sqn-310-bloco-i-1188301,seed:links.txt
1188798,SQN 202 Bloco C,,,,,,,https://www.dfimoveis.com.br/imovel/apartamento-4-quartos-aluguel-asa-norte-brasilia-df-sqn-202-bloco-c-1188798,seed:links.txt
1189060,SHCGN 714 Bloco V,,,,,,,https://www.dfimoveis.com.br/imovel/casa-4-quartos-aluguel-asa-norte-brasilia-df-shcgn-714-bloco-v-1189060,seed:links.txt
1189846,SQN 110 Bloco G,,,,,,,https://www.dfimoveis.com.br/imovel/apartamento-3-quartos-aluguel-asa-norte-brasilia-df-sqn-110-bloco-g-1189846,seed:links.txt
1189963,SQN 307 Bloco H,,,,,,,https://www.dfimoveis.com.br/imovel/apartamento-3-quartos-aluguel-asa-norte-brasilia-df-sqn-307-bloco-h-1189963,seed:links.txt
1190934,SQS 109 Bloco B,,,,,,,https://www.dfimoveis.com.br/imovel/apartamento-3-quartos-aluguel-asa-sul-brasilia-df-sqs-109-bloco-b-1190934,seed:links.txt
1078704,SQS 303 Bloco F,,,,,,,https://www.dfimoveis.com.br/imovel/apartamento-4-quartos-aluguel-asa-sul-brasilia-df-sqs-303-bloco-f-1078704,seed:links.txt
1191841,SQS 310 Bloco B,,,,,,,https://www.dfimoveis.com.br/imovel/apartamento-4-quartos-aluguel-asa-sul-brasilia-df-sqs-310-bloco-b-1191841,seed:links.txt
1192239,SQN 314,,,,,,,https://www.dfimoveis.com.br/imovel/apartamento-3-quartos-aluguel-asa-norte-brasilia-df-sqn-314-1192239,seed:links.txt
1173079,SQN 202 Bloco E,,,,,,,https://www.dfimoveis.com.br/imovel/apartamento-4-quartos-aluguel-asa-norte-brasilia-df-sqn-202-bloco-e-1173079,seed:links.txt
1193704,SQS 307 Bloco H,,,,,,,https://www.dfimoveis.com.br/imovel/apartamento-4-quartos-aluguel-asa-sul-brasilia-df-sqs-307-bloco-h-1193704,seed:links.txt
1195553,SQS 303 Bloco C,,,,,,,https://www.dfimoveis.com.br/imovel/apartamento-3-quartos-aluguel-asa-sul-brasilia-df-sqs-303-bloco-c-1195553,seed:links.txt
1195894,SQS 310 Bloco B,,,,,,,https://www.dfimoveis.com.br/imovel/apartamento-4-quartos-aluguel-asa-sul-brasilia-df-sqs-310-bloco-b-1195894,seed:links.txt
1195577,SQN 310 Bloco I,,,,,,,https://www.dfimoveis.com.br/imovel/apartamento-3-quartos-aluguel-asa-norte-brasilia-df-sqn-310-bloco-i-1195577,seed:links.txt
1196306,SQN 310 Bloco I,,,,,,,https://www.dfimoveis.com.br/imovel/apartamento-3-quartos-aluguel-asa-norte-brasilia-df-sqn-310-bloco-i-1196306,seed:links.txt
1196756,SQN 310 Bloco I,,,,,,,https://www.dfimoveis.com.br/imovel/apartamento-3-quartos-aluguel-asa-norte-brasilia-df-sqn-310-bloco-i-1196756,seed:links.txt
1198588,SQS 211 Bloco J,,,,,,,https://www.dfimoveis.com.br/imovel/apartamento-3-quartos-aluguel-asa-sul-brasilia-df-sqs-211-bloco-j-1198588,seed:links.txt
566771,SQN 116 Bloco G,,,,,,,https://www.dfimoveis.com.br/imovel/apartamento-3-quartos-aluguel-asa-norte-brasilia-df-sqn-116-bloco-g-566771,seed:links.txt
480115,SQS 316 Bloco H,,,,,,,https://www.dfimoveis.com.br/imovel/apartamento-3-quartos-aluguel-asa-sul-brasilia-df-sqs-316-bloco-h-480115,seed:links.txt
1200867,SQN 210 Bloco C,,,,,,,https://www.dfimoveis.com.br/imovel/apartamento-3-quartos-aluguel-asa-norte-brasilia-df-sqn-210-bloco-c-1200867,seed:links.txt
868038,SQS 208 Bloco I,,,,,,,https://www.dfimoveis.com.br/imovel/apartamento-3-quartos-aluguel-asa-sul-brasilia-df-sqs-208-bloco-i-868038,seed:links.txt
1203243,SQN 309 Bloco O,,,,,,,https://www.dfimoveis.com.br/imovel/apartamento-3-quartos-aluguel-asa-norte-brasilia-df-sqn-309-bloco-o-1203243,seed:links.txt
1203734,SHIGS 707 Bloco E,,,,,,,https://www.dfimoveis.com.br/imovel/casa-4-quartos-aluguel-asa-sul-brasilia-df-shigs-707-bloco-e-1203734,seed:links.txt
562140,SQS 314 Bloco J,,,,,,,https://www.dfimoveis.com.br/imovel/apartamento-3-quartos-aluguel-asa-sul-brasilia-df-sqs-314-bloco-j-562140,seed:links.txt
757857,SHIGS 712 Bloco C,,,,,,,https://www.dfimoveis.com.br/imovel/casa-3-quartos-aluguel-asa-sul-brasilia-df-shigs-712-bloco-c-757857,seed:links.txt
440640,SQS 206 Bloco H,,,,,,,https://www.dfimoveis.com.br/imovel/apartamento-3-quartos-aluguel-asa-sul-brasilia-df-sqs-206-bloco-h-440640,seed:links.txt
322332,SQN 212 Bloco I,,,,,,,https://www.dfimoveis.com.br/imovel/apartamento-3-quartos-aluguel-asa-norte-brasilia-df-sqn-212-bloco-i-322332,seed:links.txt
1207118,SQS 105 Bloco G,,,,,,,https://www.dfimoveis.com.br/imovel/apartamento-3-quartos-aluguel-asa-sul-brasilia-df-sqs-105-bloco-g-1207118,seed:links.txt
231950,SQS 208 Bloco I,,,,,,,https://www.dfimoveis.com.br/imovel/apartamento-3-quartos-aluguel-asa-sul-brasilia-df-sqs-208-bloco-i-231950,seed:links.txt
1208628,SQN 108 Bloco A,,,,,,,https://www.dfimoveis.com.br/imovel/apartamento-3-quartos-aluguel-asa-norte-brasilia-df-sqn-108-bloco-a-1208628,seed:links.txt
1202449,SQS 302,,,,,,,https://www.dfimoveis.com.br/imovel/apartamento-4-quartos-aluguel-asa-sul-brasilia-df-sqs-302-1202449,seed:links.txt
